display_name,stub,dropdown_parent
Home,/
Browse,/browse.html
All Genres,/subjects.html
Featured Genres,
Action,/browse.html#action,Featured Genres
Animation,/browse.html#animation,Featured Genres
Black Comedy,/browse.html#black%20comedy,Featured Genres
Comedy,/browse.html#comedy,Featured Genres
Comedy Drama,/browse.html#comedy%20drama,Featured Genres
Coming-of-Age Drama,/browse.html#coming-of-age%20drama,Featured Genres
Crime,/browse.html#crime,Featured Genres
Documentary,/browse.html#documentary,Featured Genres
Drama,/browse.html#drama,Featured Genres
Dramedy,/browse.html#dramedy,Featured Genres
Erotic,/browse.html#erotic,Featured Genres
Experimental,/browse.html#experimental,Featured Genres
Family Comedy,/browse.html#family%20comedy,Featured Genres
Family Drama,/browse.html#family%20drama,Featured Genres
Fantasy,/browse.html#fantasy,Featured Genres
History,/browse.html#history,Featured Genres
Horror,/browse.html#horror,Featured Genres
Music,/browse.html#music,Featured Genres
Mystery,/browse.html#mystery,Featured Genres
Period Drama,/browse.html#period%20drama,Featured Genres
Political Thriller,/browse.html#political%20thriller,Featured Genres
Psychological Drama,/browse.html#psychological%20drama,Featured Genres
Romance,/browse.html#romance,Featured Genres
Romantic Comedy,/browse.html#romantic%20comedy,Featured Genres
Romantic Drama,/browse.html#romantic%20drama,Featured Genres
Science Fiction,/browse.html#science%20fiction,Featured Genres
Social Drama,/browse.html#social%20drama,Featured Genres
Suspense,/browse.html#suspense,Featured Genres
Teen Drama,/browse.html#teen%20drama,Featured Genres
Thriller,/browse.html#thriller,Featured Genres
War,/browse.html#war,Featured Genres
Year Released,/timeline.html
About the Site,/about.html
